[{
  "id": "M3WD3NTU6KD",
  "name": "Iti Bera",
  "email": "itibera5@gmail.com",
  "phone": "9547968682",
  "roomName": "ITC Sonar - A Luxury Collection Hotel",
  "roomAddress": "1, JBS Haldane Ave, Tangra, Kolkata, West Bengal 700046",
  "roomType": "Towers Double",
  "guest": 2,
  "checkin": "2022-06-20",
  "checkout": "2022-06-21",
  "price": 7725,
  "duration": 1
},{
  "id": "VIJDDP6VZWL",
  "name": "Iti Bera",
  "email": "itibera5@gmail.com",
  "phone": "9547968682",
  "roomName": "ITC Sonar - A Luxury Collection Hotel",
  "roomAddress": "1, JBS Haldane Ave, Tangra, Kolkata, West Bengal 700046",
  "roomType": "Princess Suite",
  "guest": 2,
  "checkin": "2022-06-21",
  "checkout": "2022-06-22",
  "price": 24720,
  "duration": 1
},{
  "id": "0UHXPAHMV60",
  "name": "Lipi Bera",
  "email": "lipi.bera0010@gmail.com",
  "phone": "9547968682",
  "roomName": "ITC Sonar - A Luxury Collection Hotel",
  "roomAddress": "1, JBS Haldane Ave, Tangra, Kolkata, West Bengal 700046",
  "roomType": "Towers Double",
  "guest": 2,
  "checkin": "2022-06-23",
  "checkout": "2022-06-24",
  "price": 7725,
  "duration": 1
},{
  "id": "E8A6371C71T",
  "name": "Iti Bera",
  "email": "itibera5@gmail.com",
  "phone": "9547968682",
  "roomName": "ITC Sonar - A Luxury Collection Hotel",
  "roomAddress": "1, JBS Haldane Ave, Tangra, Kolkata, West Bengal 700046",
  "roomType": "Executive Club Exclusive Double",
  "guest": 2,
  "checkin": "2022-06-25",
  "checkout": "2022-06-26",
  "price": 7210,
  "duration": 1
},{
  "id": "QG3S2TO6EEU",
  "name": "Iti Bera",
  "email": "itibera5@gmail.com",
  "phone": "9999999999",
  "roomName": "ITC Sonar - A Luxury Collection Hotel",
  "roomAddress": "1, JBS Haldane Ave, Tangra, Kolkata, West Bengal 700046",
  "roomType": "Executive Club Double",
  "guest": 2,
  "checkin": "2022-07-01",
  "checkout": "2022-07-02",
  "price": 5665,
  "duration": 1
},{
  "id": "6XCM8UR94GV",
  "name": "Iti Bera",
  "email": "itibera5@gmail.com",
  "phone": "9999999999",
  "roomName": "ITC Sonar - A Luxury Collection Hotel",
  "roomAddress": "1, JBS Haldane Ave, Tangra, Kolkata, West Bengal 700046",
  "roomType": "Executive Club Double",
  "guest": 2,
  "checkin": "2022-07-01",
  "checkout": "2022-07-02",
  "price": 5665,
  "duration": 1
}]